<?xml version="1.0" encoding="UTF-8"?>
<project-private xmlns="http://www.netbeans.org/ns/project-private/1">
    <editor-bookmarks xmlns="http://www.netbeans.org/ns/editor-bookmarks/2" lastBookmarkId="0"/>
    <open-files xmlns="http://www.netbeans.org/ns/projectui-open-files/2">
        <group>
            <file>file:/C:/Users/DELL/Documents/NetBeansProjects/Banking%20System/src/banking/system/Dashboard.java</file>
            <file>file:/C:/Users/DELL/Documents/NetBeansProjects/Banking%20System/src/banking/system/Deposit.java</file>
            <file>file:/C:/Users/DELL/Documents/NetBeansProjects/Banking%20System/src/banking/system/BankingSystem.java</file>
            <file>file:/C:/Users/DELL/Documents/NetBeansProjects/Banking%20System/src/banking/system/Bankstatement.java</file>
            <file>file:/C:/Users/DELL/Documents/NetBeansProjects/Banking%20System/src/banking/system/Withdraw.java</file>
            <file>file:/C:/Users/DELL/Documents/NetBeansProjects/Banking%20System/src/banking/system/Login.java</file>
            <file>file:/C:/Users/DELL/Documents/NetBeansProjects/Banking%20System/src/banking/system/Register1.java</file>
        </group>
    </open-files>
</project-private>
